filename,notes,authors,licenses,urls
body/bodies/child/idle.png, ,"bluecarrot16,Benjamin K. Smith (BenCreating),ElizaWy,MuffinElZangano,Durrani,Nila122,kheftel,Stephen Challener (Redshrike) ","OGA-BY 3.0,CC-BY-SA 3.0,GPL 3.0 ","https://opengameart.org/content/liberated-pixel-cup-lpc-base-assets-sprites-map-tiles,https://opengameart.org/content/lpc-child-standing-template,https://opengameart.org/content/lpc-children-walk-animation,https://opengameart.org/content/lpc-male-jumping-animation-by-durrani,https://opengameart.org/content/lpc-male-jumping-animation-by-durrani,https://opengameart.org/content/lpc-jump-expanded,https://opengameart.org/content/lpc-jump-expanded "
body/bodies/child/sit.png, ,"bluecarrot16,Benjamin K. Smith (BenCreating),ElizaWy,MuffinElZangano,Durrani,Nila122,kheftel,Stephen Challener (Redshrike) ","OGA-BY 3.0,CC-BY-SA 3.0,GPL 3.0 ","https://opengameart.org/content/liberated-pixel-cup-lpc-base-assets-sprites-map-tiles,https://opengameart.org/content/lpc-child-standing-template,https://opengameart.org/content/lpc-children-walk-animation,https://opengameart.org/content/lpc-male-jumping-animation-by-durrani,https://opengameart.org/content/lpc-male-jumping-animation-by-durrani,https://opengameart.org/content/lpc-jump-expanded,https://opengameart.org/content/lpc-jump-expanded "
body/bodies/child/slash.png, ,"bluecarrot16,Benjamin K. Smith (BenCreating),ElizaWy,MuffinElZangano,Durrani,Nila122,kheftel,Stephen Challener (Redshrike) ","OGA-BY 3.0,CC-BY-SA 3.0,GPL 3.0 ","https://opengameart.org/content/liberated-pixel-cup-lpc-base-assets-sprites-map-tiles,https://opengameart.org/content/lpc-child-standing-template,https://opengameart.org/content/lpc-children-walk-animation,https://opengameart.org/content/lpc-male-jumping-animation-by-durrani,https://opengameart.org/content/lpc-male-jumping-animation-by-durrani,https://opengameart.org/content/lpc-jump-expanded,https://opengameart.org/content/lpc-jump-expanded "
body/bodies/child/walk.png, ,"bluecarrot16,Benjamin K. Smith (BenCreating),ElizaWy,MuffinElZangano,Durrani,Nila122,kheftel,Stephen Challener (Redshrike) ","OGA-BY 3.0,CC-BY-SA 3.0,GPL 3.0 ","https://opengameart.org/content/liberated-pixel-cup-lpc-base-assets-sprites-map-tiles,https://opengameart.org/content/lpc-child-standing-template,https://opengameart.org/content/lpc-children-walk-animation,https://opengameart.org/content/lpc-male-jumping-animation-by-durrani,https://opengameart.org/content/lpc-male-jumping-animation-by-durrani,https://opengameart.org/content/lpc-jump-expanded,https://opengameart.org/content/lpc-jump-expanded "
body/bodies/female/idle.png,see details at https://opengameart.org/content/lpc-character-bases ,"Benjamin K. Smith (BenCreating),bluecarrot16,TheraHedwig,Evert,MuffinElZangano,Durrani,Pierre Vigier (pvigier),ElizaWy,Matthew Krohn (makrohn),Johannes Sjölund (wulax),Stephen Challener (Redshrike) ","OGA-BY 3.0,CC-BY-SA 3.0,GPL 3.0 ","https://opengameart.org/content/liberated-pixel-cup-lpc-base-assets-sprites-map-tiles,https://opengameart.org/content/lpc-medieval-fantasy-character-sprites,https://opengameart.org/content/lpc-ladies,https://opengameart.org/content/lpc-7-womens-shirts,https://opengameart.org/content/lpc-jump-expanded,https://opengameart.org/content/lpc-be-seated,https://opengameart.org/content/lpc-revised-character-basics,https://gitlab.com/vagabondgame/lpc-characters,https://opengameart.org/content/lpc-male-jumping-animation-by-durrani,https://opengameart.org/content/lpc-runcycle-and-diagonal-walkcycle "
body/bodies/female/sit.png,see details at https://opengameart.org/content/lpc-character-bases ,"Benjamin K. Smith (BenCreating),bluecarrot16,TheraHedwig,Evert,MuffinElZangano,Durrani,Pierre Vigier (pvigier),ElizaWy,Matthew Krohn (makrohn),Johannes Sjölund (wulax),Stephen Challener (Redshrike) ","OGA-BY 3.0,CC-BY-SA 3.0,GPL 3.0 ","https://opengameart.org/content/liberated-pixel-cup-lpc-base-assets-sprites-map-tiles,https://opengameart.org/content/lpc-medieval-fantasy-character-sprites,https://opengameart.org/content/lpc-ladies,https://opengameart.org/content/lpc-7-womens-shirts,https://opengameart.org/content/lpc-jump-expanded,https://opengameart.org/content/lpc-be-seated,https://opengameart.org/content/lpc-revised-character-basics,https://gitlab.com/vagabondgame/lpc-characters,https://opengameart.org/content/lpc-male-jumping-animation-by-durrani,https://opengameart.org/content/lpc-runcycle-and-diagonal-walkcycle "
body/bodies/female/slash.png,see details at https://opengameart.org/content/lpc-character-bases ,"Benjamin K. Smith (BenCreating),bluecarrot16,TheraHedwig,Evert,MuffinElZangano,Durrani,Pierre Vigier (pvigier),ElizaWy,Matthew Krohn (makrohn),Johannes Sjölund (wulax),Stephen Challener (Redshrike) ","OGA-BY 3.0,CC-BY-SA 3.0,GPL 3.0 ","https://opengameart.org/content/liberated-pixel-cup-lpc-base-assets-sprites-map-tiles,https://opengameart.org/content/lpc-medieval-fantasy-character-sprites,https://opengameart.org/content/lpc-ladies,https://opengameart.org/content/lpc-7-womens-shirts,https://opengameart.org/content/lpc-jump-expanded,https://opengameart.org/content/lpc-be-seated,https://opengameart.org/content/lpc-revised-character-basics,https://gitlab.com/vagabondgame/lpc-characters,https://opengameart.org/content/lpc-male-jumping-animation-by-durrani,https://opengameart.org/content/lpc-runcycle-and-diagonal-walkcycle "
body/bodies/female/thrust.png,see details at https://opengameart.org/content/lpc-character-bases ,"Benjamin K. Smith (BenCreating),bluecarrot16,TheraHedwig,Evert,MuffinElZangano,Durrani,Pierre Vigier (pvigier),ElizaWy,Matthew Krohn (makrohn),Johannes Sjölund (wulax),Stephen Challener (Redshrike) ","OGA-BY 3.0,CC-BY-SA 3.0,GPL 3.0 ","https://opengameart.org/content/liberated-pixel-cup-lpc-base-assets-sprites-map-tiles,https://opengameart.org/content/lpc-medieval-fantasy-character-sprites,https://opengameart.org/content/lpc-ladies,https://opengameart.org/content/lpc-7-womens-shirts,https://opengameart.org/content/lpc-jump-expanded,https://opengameart.org/content/lpc-be-seated,https://opengameart.org/content/lpc-revised-character-basics,https://gitlab.com/vagabondgame/lpc-characters,https://opengameart.org/content/lpc-male-jumping-animation-by-durrani,https://opengameart.org/content/lpc-runcycle-and-diagonal-walkcycle "
body/bodies/female/walk.png,see details at https://opengameart.org/content/lpc-character-bases ,"Benjamin K. Smith (BenCreating),bluecarrot16,TheraHedwig,Evert,MuffinElZangano,Durrani,Pierre Vigier (pvigier),ElizaWy,Matthew Krohn (makrohn),Johannes Sjölund (wulax),Stephen Challener (Redshrike) ","OGA-BY 3.0,CC-BY-SA 3.0,GPL 3.0 ","https://opengameart.org/content/liberated-pixel-cup-lpc-base-assets-sprites-map-tiles,https://opengameart.org/content/lpc-medieval-fantasy-character-sprites,https://opengameart.org/content/lpc-ladies,https://opengameart.org/content/lpc-7-womens-shirts,https://opengameart.org/content/lpc-jump-expanded,https://opengameart.org/content/lpc-be-seated,https://opengameart.org/content/lpc-revised-character-basics,https://gitlab.com/vagabondgame/lpc-characters,https://opengameart.org/content/lpc-male-jumping-animation-by-durrani,https://opengameart.org/content/lpc-runcycle-and-diagonal-walkcycle "
body/bodies/male/idle.png,see details at https://opengameart.org/content/lpc-character-bases; 'Thick' Male Revised Run/Climb by JaidynReiman (based on ElizaWy's LPC Revised) ,"bluecarrot16,JaidynReiman,Benjamin K. Smith (BenCreating),Evert,Eliza Wyatt (ElizaWy),TheraHedwig,MuffinElZangano,Durrani,Johannes Sjölund (wulax),Stephen Challener (Redshrike) ","OGA-BY 3.0,CC-BY-SA 3.0,GPL 3.0 ","https://opengameart.org/content/liberated-pixel-cup-lpc-base-assets-sprites-map-tiles,https://opengameart.org/content/lpc-medieval-fantasy-character-sprites,https://opengameart.org/content/lpc-male-jumping-animation-by-durrani,https://opengameart.org/content/lpc-runcycle-and-diagonal-walkcycle,https://opengameart.org/content/lpc-revised-character-basics,https://opengameart.org/content/lpc-be-seated,https://opengameart.org/content/lpc-runcycle-for-male-muscular-and-pregnant-character-bases-with-modular-heads,https://opengameart.org/content/lpc-jump-expanded,https://opengameart.org/content/lpc-character-bases "
body/bodies/male/sit.png,see details at https://opengameart.org/content/lpc-character-bases; 'Thick' Male Revised Run/Climb by JaidynReiman (based on ElizaWy's LPC Revised) ,"bluecarrot16,JaidynReiman,Benjamin K. Smith (BenCreating),Evert,Eliza Wyatt (ElizaWy),TheraHedwig,MuffinElZangano,Durrani,Johannes Sjölund (wulax),Stephen Challener (Redshrike) ","OGA-BY 3.0,CC-BY-SA 3.0,GPL 3.0 ","https://opengameart.org/content/liberated-pixel-cup-lpc-base-assets-sprites-map-tiles,https://opengameart.org/content/lpc-medieval-fantasy-character-sprites,https://opengameart.org/content/lpc-male-jumping-animation-by-durrani,https://opengameart.org/content/lpc-runcycle-and-diagonal-walkcycle,https://opengameart.org/content/lpc-revised-character-basics,https://opengameart.org/content/lpc-be-seated,https://opengameart.org/content/lpc-runcycle-for-male-muscular-and-pregnant-character-bases-with-modular-heads,https://opengameart.org/content/lpc-jump-expanded,https://opengameart.org/content/lpc-character-bases "
body/bodies/male/slash.png,see details at https://opengameart.org/content/lpc-character-bases; 'Thick' Male Revised Run/Climb by JaidynReiman (based on ElizaWy's LPC Revised) ,"bluecarrot16,JaidynReiman,Benjamin K. Smith (BenCreating),Evert,Eliza Wyatt (ElizaWy),TheraHedwig,MuffinElZangano,Durrani,Johannes Sjölund (wulax),Stephen Challener (Redshrike) ","OGA-BY 3.0,CC-BY-SA 3.0,GPL 3.0 ","https://opengameart.org/content/liberated-pixel-cup-lpc-base-assets-sprites-map-tiles,https://opengameart.org/content/lpc-medieval-fantasy-character-sprites,https://opengameart.org/content/lpc-male-jumping-animation-by-durrani,https://opengameart.org/content/lpc-runcycle-and-diagonal-walkcycle,https://opengameart.org/content/lpc-revised-character-basics,https://opengameart.org/content/lpc-be-seated,https://opengameart.org/content/lpc-runcycle-for-male-muscular-and-pregnant-character-bases-with-modular-heads,https://opengameart.org/content/lpc-jump-expanded,https://opengameart.org/content/lpc-character-bases "
body/bodies/male/thrust.png,see details at https://opengameart.org/content/lpc-character-bases; 'Thick' Male Revised Run/Climb by JaidynReiman (based on ElizaWy's LPC Revised) ,"bluecarrot16,JaidynReiman,Benjamin K. Smith (BenCreating),Evert,Eliza Wyatt (ElizaWy),TheraHedwig,MuffinElZangano,Durrani,Johannes Sjölund (wulax),Stephen Challener (Redshrike) ","OGA-BY 3.0,CC-BY-SA 3.0,GPL 3.0 ","https://opengameart.org/content/liberated-pixel-cup-lpc-base-assets-sprites-map-tiles,https://opengameart.org/content/lpc-medieval-fantasy-character-sprites,https://opengameart.org/content/lpc-male-jumping-animation-by-durrani,https://opengameart.org/content/lpc-runcycle-and-diagonal-walkcycle,https://opengameart.org/content/lpc-revised-character-basics,https://opengameart.org/content/lpc-be-seated,https://opengameart.org/content/lpc-runcycle-for-male-muscular-and-pregnant-character-bases-with-modular-heads,https://opengameart.org/content/lpc-jump-expanded,https://opengameart.org/content/lpc-character-bases "
body/bodies/male/walk.png,see details at https://opengameart.org/content/lpc-character-bases; 'Thick' Male Revised Run/Climb by JaidynReiman (based on ElizaWy's LPC Revised) ,"bluecarrot16,JaidynReiman,Benjamin K. Smith (BenCreating),Evert,Eliza Wyatt (ElizaWy),TheraHedwig,MuffinElZangano,Durrani,Johannes Sjölund (wulax),Stephen Challener (Redshrike) ","OGA-BY 3.0,CC-BY-SA 3.0,GPL 3.0 ","https://opengameart.org/content/liberated-pixel-cup-lpc-base-assets-sprites-map-tiles,https://opengameart.org/content/lpc-medieval-fantasy-character-sprites,https://opengameart.org/content/lpc-male-jumping-animation-by-durrani,https://opengameart.org/content/lpc-runcycle-and-diagonal-walkcycle,https://opengameart.org/content/lpc-revised-character-basics,https://opengameart.org/content/lpc-be-seated,https://opengameart.org/content/lpc-runcycle-for-male-muscular-and-pregnant-character-bases-with-modular-heads,https://opengameart.org/content/lpc-jump-expanded,https://opengameart.org/content/lpc-character-bases "
body/bodies/teen/idle.png, ,"bluecarrot16,Evert,TheraHedwig,Benjamin K. Smith (BenCreating),MuffinElZangano,Durrani,Pierre Vigier (pvigier),Eliza Wyatt (ElizaWy),Matthew Krohn (makrohn),Johannes Sjölund (wulax),Stephen Challener (Redshrike) ","OGA-BY 3.0,CC-BY-SA 3.0,GPL 3.0 ","https://opengameart.org/content/liberated-pixel-cup-lpc-base-assets-sprites-map-tiles,https://opengameart.org/content/lpc-medieval-fantasy-character-sprites,https://opengameart.org/content/lpc-ladies,https://opengameart.org/content/lpc-teen-unisex-base-clothes,https://opengameart.org/content/lpc-jump-expanded,https://opengameart.org/content/lpc-revised-character-basics,https://opengameart.org/content/lpc-be-seated,https://gitlab.com/vagabondgame/lpc-characters,https://opengameart.org/content/lpc-male-jumping-animation-by-durrani,https://opengameart.org/content/lpc-jump-expanded "
body/bodies/teen/sit.png, ,"bluecarrot16,Evert,TheraHedwig,Benjamin K. Smith (BenCreating),MuffinElZangano,Durrani,Pierre Vigier (pvigier),Eliza Wyatt (ElizaWy),Matthew Krohn (makrohn),Johannes Sjölund (wulax),Stephen Challener (Redshrike) ","OGA-BY 3.0,CC-BY-SA 3.0,GPL 3.0 ","https://opengameart.org/content/liberated-pixel-cup-lpc-base-assets-sprites-map-tiles,https://opengameart.org/content/lpc-medieval-fantasy-character-sprites,https://opengameart.org/content/lpc-ladies,https://opengameart.org/content/lpc-teen-unisex-base-clothes,https://opengameart.org/content/lpc-jump-expanded,https://opengameart.org/content/lpc-revised-character-basics,https://opengameart.org/content/lpc-be-seated,https://gitlab.com/vagabondgame/lpc-characters,https://opengameart.org/content/lpc-male-jumping-animation-by-durrani,https://opengameart.org/content/lpc-jump-expanded "
body/bodies/teen/slash.png, ,"bluecarrot16,Evert,TheraHedwig,Benjamin K. Smith (BenCreating),MuffinElZangano,Durrani,Pierre Vigier (pvigier),Eliza Wyatt (ElizaWy),Matthew Krohn (makrohn),Johannes Sjölund (wulax),Stephen Challener (Redshrike) ","OGA-BY 3.0,CC-BY-SA 3.0,GPL 3.0 ","https://opengameart.org/content/liberated-pixel-cup-lpc-base-assets-sprites-map-tiles,https://opengameart.org/content/lpc-medieval-fantasy-character-sprites,https://opengameart.org/content/lpc-ladies,https://opengameart.org/content/lpc-teen-unisex-base-clothes,https://opengameart.org/content/lpc-jump-expanded,https://opengameart.org/content/lpc-revised-character-basics,https://opengameart.org/content/lpc-be-seated,https://gitlab.com/vagabondgame/lpc-characters,https://opengameart.org/content/lpc-male-jumping-animation-by-durrani,https://opengameart.org/content/lpc-jump-expanded "
body/bodies/teen/thrust.png, ,"bluecarrot16,Evert,TheraHedwig,Benjamin K. Smith (BenCreating),MuffinElZangano,Durrani,Pierre Vigier (pvigier),Eliza Wyatt (ElizaWy),Matthew Krohn (makrohn),Johannes Sjölund (wulax),Stephen Challener (Redshrike) ","OGA-BY 3.0,CC-BY-SA 3.0,GPL 3.0 ","https://opengameart.org/content/liberated-pixel-cup-lpc-base-assets-sprites-map-tiles,https://opengameart.org/content/lpc-medieval-fantasy-character-sprites,https://opengameart.org/content/lpc-ladies,https://opengameart.org/content/lpc-teen-unisex-base-clothes,https://opengameart.org/content/lpc-jump-expanded,https://opengameart.org/content/lpc-revised-character-basics,https://opengameart.org/content/lpc-be-seated,https://gitlab.com/vagabondgame/lpc-characters,https://opengameart.org/content/lpc-male-jumping-animation-by-durrani,https://opengameart.org/content/lpc-jump-expanded "
body/bodies/teen/walk.png, ,"bluecarrot16,Evert,TheraHedwig,Benjamin K. Smith (BenCreating),MuffinElZangano,Durrani,Pierre Vigier (pvigier),Eliza Wyatt (ElizaWy),Matthew Krohn (makrohn),Johannes Sjölund (wulax),Stephen Challener (Redshrike) ","OGA-BY 3.0,CC-BY-SA 3.0,GPL 3.0 ","https://opengameart.org/content/liberated-pixel-cup-lpc-base-assets-sprites-map-tiles,https://opengameart.org/content/lpc-medieval-fantasy-character-sprites,https://opengameart.org/content/lpc-ladies,https://opengameart.org/content/lpc-teen-unisex-base-clothes,https://opengameart.org/content/lpc-jump-expanded,https://opengameart.org/content/lpc-revised-character-basics,https://opengameart.org/content/lpc-be-seated,https://gitlab.com/vagabondgame/lpc-characters,https://opengameart.org/content/lpc-male-jumping-animation-by-durrani,https://opengameart.org/content/lpc-jump-expanded "
facial/glasses/round/adult/idle.png, ,"bluecarrot16,Thane Brimhall (pennomi),laetissima ","CC-BY-SA 3.0,GPL 3.0 ","https://opengameart.org/content/clothing-facial-features-and-ui-elements,https://opengameart.org/content/lpc-gentleman "
facial/glasses/round/adult/sit.png, ,"bluecarrot16,Thane Brimhall (pennomi),laetissima ","CC-BY-SA 3.0,GPL 3.0 ","https://opengameart.org/content/clothing-facial-features-and-ui-elements,https://opengameart.org/content/lpc-gentleman "
facial/glasses/round/adult/slash.png, ,"bluecarrot16,Thane Brimhall (pennomi),laetissima ","CC-BY-SA 3.0,GPL 3.0 ","https://opengameart.org/content/clothing-facial-features-and-ui-elements,https://opengameart.org/content/lpc-gentleman "
facial/glasses/round/adult/thrust.png, ,"bluecarrot16,Thane Brimhall (pennomi),laetissima ","CC-BY-SA 3.0,GPL 3.0 ","https://opengameart.org/content/clothing-facial-features-and-ui-elements,https://opengameart.org/content/lpc-gentleman "
facial/glasses/round/adult/walk.png, ,"bluecarrot16,Thane Brimhall (pennomi),laetissima ","CC-BY-SA 3.0,GPL 3.0 ","https://opengameart.org/content/clothing-facial-features-and-ui-elements,https://opengameart.org/content/lpc-gentleman "
feet/shoes/basic/male/idle.png,"original by wulax, edited for v3 base by bluecarrot16, Jump/Sit/Emote/Run/Revised Combat by JaidynReiman ","JaidynReiman,bluecarrot16,Johannes Sjölund (wulax) ","OGA-BY 3.0,CC-BY-SA 3.0,GPL 3.0 ","https://opengameart.org/content/lpc-medieval-fantasy-character-sprites,http://opengameart.org/content/lpc-clothing-updates,https://opengameart.org/content/lpc-expanded-socks-shoes "
feet/shoes/basic/male/sit.png,"original by wulax, edited for v3 base by bluecarrot16, Jump/Sit/Emote/Run/Revised Combat by JaidynReiman ","JaidynReiman,bluecarrot16,Johannes Sjölund (wulax) ","OGA-BY 3.0,CC-BY-SA 3.0,GPL 3.0 ","https://opengameart.org/content/lpc-medieval-fantasy-character-sprites,http://opengameart.org/content/lpc-clothing-updates,https://opengameart.org/content/lpc-expanded-socks-shoes "
feet/shoes/basic/male/slash.png,"original by wulax, edited for v3 base by bluecarrot16, Jump/Sit/Emote/Run/Revised Combat by JaidynReiman ","JaidynReiman,bluecarrot16,Johannes Sjölund (wulax) ","OGA-BY 3.0,CC-BY-SA 3.0,GPL 3.0 ","https://opengameart.org/content/lpc-medieval-fantasy-character-sprites,http://opengameart.org/content/lpc-clothing-updates,https://opengameart.org/content/lpc-expanded-socks-shoes "
feet/shoes/basic/male/thrust.png,"original by wulax, edited for v3 base by bluecarrot16, Jump/Sit/Emote/Run/Revised Combat by JaidynReiman ","JaidynReiman,bluecarrot16,Johannes Sjölund (wulax) ","OGA-BY 3.0,CC-BY-SA 3.0,GPL 3.0 ","https://opengameart.org/content/lpc-medieval-fantasy-character-sprites,http://opengameart.org/content/lpc-clothing-updates,https://opengameart.org/content/lpc-expanded-socks-shoes "
feet/shoes/basic/male/walk.png,"original by wulax, edited for v3 base by bluecarrot16, Jump/Sit/Emote/Run/Revised Combat by JaidynReiman ","JaidynReiman,bluecarrot16,Johannes Sjölund (wulax) ","OGA-BY 3.0,CC-BY-SA 3.0,GPL 3.0 ","https://opengameart.org/content/lpc-medieval-fantasy-character-sprites,http://opengameart.org/content/lpc-clothing-updates,https://opengameart.org/content/lpc-expanded-socks-shoes "
hair/afro/adult/idle.png, ,bluecarrot16 ,CC0 ,https://opengameart.org/content/lpc-hair 
hair/afro/adult/sit.png, ,bluecarrot16 ,CC0 ,https://opengameart.org/content/lpc-hair 
hair/afro/adult/slash.png, ,bluecarrot16 ,CC0 ,https://opengameart.org/content/lpc-hair 
hair/afro/adult/thrust.png, ,bluecarrot16 ,CC0 ,https://opengameart.org/content/lpc-hair 
hair/afro/adult/walk.png, ,bluecarrot16 ,CC0 ,https://opengameart.org/content/lpc-hair 
hair/bangs/adult/idle.png, ,"JaidynReiman,Manuel Riecke (MrBeast) ","CC-BY-SA 3.0,GPL 3.0 ","https://opengameart.org/content/liberated-pixel-cup-lpc-base-assets-sprites-map-tiles,https://opengameart.org/content/lpc-expanded-hair "
hair/bangs/adult/sit.png, ,"JaidynReiman,Manuel Riecke (MrBeast) ","CC-BY-SA 3.0,GPL 3.0 ","https://opengameart.org/content/liberated-pixel-cup-lpc-base-assets-sprites-map-tiles,https://opengameart.org/content/lpc-expanded-hair "
hair/bangs/adult/slash.png, ,"JaidynReiman,Manuel Riecke (MrBeast) ","CC-BY-SA 3.0,GPL 3.0 ","https://opengameart.org/content/liberated-pixel-cup-lpc-base-assets-sprites-map-tiles,https://opengameart.org/content/lpc-expanded-hair "
hair/bangs/adult/thrust.png, ,"JaidynReiman,Manuel Riecke (MrBeast) ","CC-BY-SA 3.0,GPL 3.0 ","https://opengameart.org/content/liberated-pixel-cup-lpc-base-assets-sprites-map-tiles,https://opengameart.org/content/lpc-expanded-hair "
hair/bangs/adult/walk.png, ,"JaidynReiman,Manuel Riecke (MrBeast) ","CC-BY-SA 3.0,GPL 3.0 ","https://opengameart.org/content/liberated-pixel-cup-lpc-base-assets-sprites-map-tiles,https://opengameart.org/content/lpc-expanded-hair "
hair/bob/adult/idle.png,Original by bluecarrot16. Edited and animated by ElizaWy. ,"ElizaWy,bluecarrot16 ",CC0 ,"https://opengameart.org/content/lpc-hair,https://github.com/ElizaWy/LPC/blob/main/Characters/Hair,https://opengameart.org/content/lpc-expanded-sit-run-jump-more "
hair/bob/adult/sit.png,Original by bluecarrot16. Edited and animated by ElizaWy. ,"ElizaWy,bluecarrot16 ",CC0 ,"https://opengameart.org/content/lpc-hair,https://github.com/ElizaWy/LPC/blob/main/Characters/Hair,https://opengameart.org/content/lpc-expanded-sit-run-jump-more "
hair/bob/adult/slash.png,Original by bluecarrot16. Edited and animated by ElizaWy. ,"ElizaWy,bluecarrot16 ",CC0 ,"https://opengameart.org/content/lpc-hair,https://github.com/ElizaWy/LPC/blob/main/Characters/Hair,https://opengameart.org/content/lpc-expanded-sit-run-jump-more "
hair/bob/adult/thrust.png,Original by bluecarrot16. Edited and animated by ElizaWy. ,"ElizaWy,bluecarrot16 ",CC0 ,"https://opengameart.org/content/lpc-hair,https://github.com/ElizaWy/LPC/blob/main/Characters/Hair,https://opengameart.org/content/lpc-expanded-sit-run-jump-more "
hair/bob/adult/walk.png,Original by bluecarrot16. Edited and animated by ElizaWy. ,"ElizaWy,bluecarrot16 ",CC0 ,"https://opengameart.org/content/lpc-hair,https://github.com/ElizaWy/LPC/blob/main/Characters/Hair,https://opengameart.org/content/lpc-expanded-sit-run-jump-more "
hair/buzzcut/adult/idle.png, ,ElizaWy ,OGA-BY 3.0 ,https://opengameart.org/content/lpc-hair 
hair/buzzcut/adult/sit.png, ,ElizaWy ,OGA-BY 3.0 ,https://opengameart.org/content/lpc-hair 
hair/buzzcut/adult/slash.png, ,ElizaWy ,OGA-BY 3.0 ,https://opengameart.org/content/lpc-hair 
hair/buzzcut/adult/thrust.png, ,ElizaWy ,OGA-BY 3.0 ,https://opengameart.org/content/lpc-hair 
hair/buzzcut/adult/walk.png, ,ElizaWy ,OGA-BY 3.0 ,https://opengameart.org/content/lpc-hair 
hair/curly_short/adult/idle.png, ,ElizaWy ,OGA-BY 3.0 ,"https://opengameart.org/content/lpc-hair,https://opengameart.org/content/lpc-expanded-sit-run-jump-more "
hair/curly_short/adult/sit.png, ,ElizaWy ,OGA-BY 3.0 ,"https://opengameart.org/content/lpc-hair,https://opengameart.org/content/lpc-expanded-sit-run-jump-more "
hair/curly_short/adult/slash.png, ,ElizaWy ,OGA-BY 3.0 ,"https://opengameart.org/content/lpc-hair,https://opengameart.org/content/lpc-expanded-sit-run-jump-more "
hair/curly_short/adult/thrust.png, ,ElizaWy ,OGA-BY 3.0 ,"https://opengameart.org/content/lpc-hair,https://opengameart.org/content/lpc-expanded-sit-run-jump-more "
hair/curly_short/adult/walk.png, ,ElizaWy ,OGA-BY 3.0 ,"https://opengameart.org/content/lpc-hair,https://opengameart.org/content/lpc-expanded-sit-run-jump-more "
hair/curtains/adult/idle.png,(star) ,"Mandi Paugh,bluecarrot16 ","GPL 2.0,GPL 3.0,CC-BY 3.0 ","https://opengameart.org/content/star-overland,https://opengameart.org/content/lpc-hair "
hair/curtains/adult/sit.png,(star) ,"Mandi Paugh,bluecarrot16 ","GPL 2.0,GPL 3.0,CC-BY 3.0 ","https://opengameart.org/content/star-overland,https://opengameart.org/content/lpc-hair "
hair/curtains/adult/slash.png,(star) ,"Mandi Paugh,bluecarrot16 ","GPL 2.0,GPL 3.0,CC-BY 3.0 ","https://opengameart.org/content/star-overland,https://opengameart.org/content/lpc-hair "
hair/curtains/adult/thrust.png,(star) ,"Mandi Paugh,bluecarrot16 ","GPL 2.0,GPL 3.0,CC-BY 3.0 ","https://opengameart.org/content/star-overland,https://opengameart.org/content/lpc-hair "
hair/curtains/adult/walk.png,(star) ,"Mandi Paugh,bluecarrot16 ","GPL 2.0,GPL 3.0,CC-BY 3.0 ","https://opengameart.org/content/star-overland,https://opengameart.org/content/lpc-hair "
hair/dreadlocks_short/adult/idle.png,Original by bluecarrot16. Animated by ElizaWy. ,"ElizaWy,bluecarrot16 ",CC0 ,"https://opengameart.org/content/lpc-hair,https://github.com/ElizaWy/LPC/blob/main/Characters/Hair,https://opengameart.org/content/lpc-expanded-sit-run-jump-more "
hair/dreadlocks_short/adult/sit.png,Original by bluecarrot16. Animated by ElizaWy. ,"ElizaWy,bluecarrot16 ",CC0 ,"https://opengameart.org/content/lpc-hair,https://github.com/ElizaWy/LPC/blob/main/Characters/Hair,https://opengameart.org/content/lpc-expanded-sit-run-jump-more "
hair/dreadlocks_short/adult/slash.png,Original by bluecarrot16. Animated by ElizaWy. ,"ElizaWy,bluecarrot16 ",CC0 ,"https://opengameart.org/content/lpc-hair,https://github.com/ElizaWy/LPC/blob/main/Characters/Hair,https://opengameart.org/content/lpc-expanded-sit-run-jump-more "
hair/dreadlocks_short/adult/thrust.png,Original by bluecarrot16. Animated by ElizaWy. ,"ElizaWy,bluecarrot16 ",CC0 ,"https://opengameart.org/content/lpc-hair,https://github.com/ElizaWy/LPC/blob/main/Characters/Hair,https://opengameart.org/content/lpc-expanded-sit-run-jump-more "
hair/dreadlocks_short/adult/walk.png,Original by bluecarrot16. Animated by ElizaWy. ,"ElizaWy,bluecarrot16 ",CC0 ,"https://opengameart.org/content/lpc-hair,https://github.com/ElizaWy/LPC/blob/main/Characters/Hair,https://opengameart.org/content/lpc-expanded-sit-run-jump-more "
hair/long/adult/idle.png, ,"JaidynReiman,Manuel Riecke (MrBeast) ","CC-BY-SA 3.0,GPL 3.0 ","https://opengameart.org/content/liberated-pixel-cup-lpc-base-assets-sprites-map-tiles,https://opengameart.org/content/lpc-expanded-hair "
hair/long/adult/sit.png, ,"JaidynReiman,Manuel Riecke (MrBeast) ","CC-BY-SA 3.0,GPL 3.0 ","https://opengameart.org/content/liberated-pixel-cup-lpc-base-assets-sprites-map-tiles,https://opengameart.org/content/lpc-expanded-hair "
hair/long/adult/slash.png, ,"JaidynReiman,Manuel Riecke (MrBeast) ","CC-BY-SA 3.0,GPL 3.0 ","https://opengameart.org/content/liberated-pixel-cup-lpc-base-assets-sprites-map-tiles,https://opengameart.org/content/lpc-expanded-hair "
hair/long/adult/thrust.png, ,"JaidynReiman,Manuel Riecke (MrBeast) ","CC-BY-SA 3.0,GPL 3.0 ","https://opengameart.org/content/liberated-pixel-cup-lpc-base-assets-sprites-map-tiles,https://opengameart.org/content/lpc-expanded-hair "
hair/long/adult/walk.png, ,"JaidynReiman,Manuel Riecke (MrBeast) ","CC-BY-SA 3.0,GPL 3.0 ","https://opengameart.org/content/liberated-pixel-cup-lpc-base-assets-sprites-map-tiles,https://opengameart.org/content/lpc-expanded-hair "
hair/natural/adult/idle.png,"Original by bluecarrot16, animations by ElizaWy. ","ElizaWy,bluecarrot16 ",CC0 ,"https://opengameart.org/content/lpc-hair,https://github.com/ElizaWy/LPC/blob/main/Characters/Hair,https://opengameart.org/content/lpc-expanded-sit-run-jump-more "
hair/natural/adult/sit.png,"Original by bluecarrot16, animations by ElizaWy. ","ElizaWy,bluecarrot16 ",CC0 ,"https://opengameart.org/content/lpc-hair,https://github.com/ElizaWy/LPC/blob/main/Characters/Hair,https://opengameart.org/content/lpc-expanded-sit-run-jump-more "
hair/natural/adult/slash.png,"Original by bluecarrot16, animations by ElizaWy. ","ElizaWy,bluecarrot16 ",CC0 ,"https://opengameart.org/content/lpc-hair,https://github.com/ElizaWy/LPC/blob/main/Characters/Hair,https://opengameart.org/content/lpc-expanded-sit-run-jump-more "
hair/natural/adult/thrust.png,"Original by bluecarrot16, animations by ElizaWy. ","ElizaWy,bluecarrot16 ",CC0 ,"https://opengameart.org/content/lpc-hair,https://github.com/ElizaWy/LPC/blob/main/Characters/Hair,https://opengameart.org/content/lpc-expanded-sit-run-jump-more "
hair/natural/adult/walk.png,"Original by bluecarrot16, animations by ElizaWy. ","ElizaWy,bluecarrot16 ",CC0 ,"https://opengameart.org/content/lpc-hair,https://github.com/ElizaWy/LPC/blob/main/Characters/Hair,https://opengameart.org/content/lpc-expanded-sit-run-jump-more "
hair/parted/adult/idle.png,down 4 and 5 added by JaidynReiman; recolors by Joe White; original by Manuel Riecke (MrBeast) ,"JaidynReiman,Joe White,Manuel Riecke (MrBeast) ","CC-BY-SA 3.0,GPL 3.0 ","https://opengameart.org/content/liberated-pixel-cup-lpc-base-assets-sprites-map-tiles,https://github.com/jrconway3/Universal-LPC-spritesheet/commit/46ddcf05a0e43e7aa6ffd47d350eef0eb529ac24,https://opengameart.org/content/lpc-expanded-hair "
hair/parted/adult/sit.png,down 4 and 5 added by JaidynReiman; recolors by Joe White; original by Manuel Riecke (MrBeast) ,"JaidynReiman,Joe White,Manuel Riecke (MrBeast) ","CC-BY-SA 3.0,GPL 3.0 ","https://opengameart.org/content/liberated-pixel-cup-lpc-base-assets-sprites-map-tiles,https://github.com/jrconway3/Universal-LPC-spritesheet/commit/46ddcf05a0e43e7aa6ffd47d350eef0eb529ac24,https://opengameart.org/content/lpc-expanded-hair "
hair/parted/adult/slash.png,down 4 and 5 added by JaidynReiman; recolors by Joe White; original by Manuel Riecke (MrBeast) ,"JaidynReiman,Joe White,Manuel Riecke (MrBeast) ","CC-BY-SA 3.0,GPL 3.0 ","https://opengameart.org/content/liberated-pixel-cup-lpc-base-assets-sprites-map-tiles,https://github.com/jrconway3/Universal-LPC-spritesheet/commit/46ddcf05a0e43e7aa6ffd47d350eef0eb529ac24,https://opengameart.org/content/lpc-expanded-hair "
hair/parted/adult/thrust.png,down 4 and 5 added by JaidynReiman; recolors by Joe White; original by Manuel Riecke (MrBeast) ,"JaidynReiman,Joe White,Manuel Riecke (MrBeast) ","CC-BY-SA 3.0,GPL 3.0 ","https://opengameart.org/content/liberated-pixel-cup-lpc-base-assets-sprites-map-tiles,https://github.com/jrconway3/Universal-LPC-spritesheet/commit/46ddcf05a0e43e7aa6ffd47d350eef0eb529ac24,https://opengameart.org/content/lpc-expanded-hair "
hair/parted/adult/walk.png,down 4 and 5 added by JaidynReiman; recolors by Joe White; original by Manuel Riecke (MrBeast) ,"JaidynReiman,Joe White,Manuel Riecke (MrBeast) ","CC-BY-SA 3.0,GPL 3.0 ","https://opengameart.org/content/liberated-pixel-cup-lpc-base-assets-sprites-map-tiles,https://github.com/jrconway3/Universal-LPC-spritesheet/commit/46ddcf05a0e43e7aa6ffd47d350eef0eb529ac24,https://opengameart.org/content/lpc-expanded-hair "
hair/pixie/adult/idle.png, ,"JaidynReiman,Manuel Riecke (MrBeast) ","CC-BY-SA 3.0,GPL 3.0 ","https://opengameart.org/content/liberated-pixel-cup-lpc-base-assets-sprites-map-tiles,https://opengameart.org/content/lpc-expanded-hair "
hair/pixie/adult/sit.png, ,"JaidynReiman,Manuel Riecke (MrBeast) ","CC-BY-SA 3.0,GPL 3.0 ","https://opengameart.org/content/liberated-pixel-cup-lpc-base-assets-sprites-map-tiles,https://opengameart.org/content/lpc-expanded-hair "
hair/pixie/adult/slash.png, ,"JaidynReiman,Manuel Riecke (MrBeast) ","CC-BY-SA 3.0,GPL 3.0 ","https://opengameart.org/content/liberated-pixel-cup-lpc-base-assets-sprites-map-tiles,https://opengameart.org/content/lpc-expanded-hair "
hair/pixie/adult/thrust.png, ,"JaidynReiman,Manuel Riecke (MrBeast) ","CC-BY-SA 3.0,GPL 3.0 ","https://opengameart.org/content/liberated-pixel-cup-lpc-base-assets-sprites-map-tiles,https://opengameart.org/content/lpc-expanded-hair "
hair/pixie/adult/walk.png, ,"JaidynReiman,Manuel Riecke (MrBeast) ","CC-BY-SA 3.0,GPL 3.0 ","https://opengameart.org/content/liberated-pixel-cup-lpc-base-assets-sprites-map-tiles,https://opengameart.org/content/lpc-expanded-hair "
hair/spiked/adult/idle.png, ,kcilds/Rocetti/Eredah ,CC-BY 4.0 ,"https://opengameart.org/content/eredah-rpg-character-base-48x64-ongoing,https://opengameart.org/content/lpc-hair "
hair/spiked/adult/sit.png, ,kcilds/Rocetti/Eredah ,CC-BY 4.0 ,"https://opengameart.org/content/eredah-rpg-character-base-48x64-ongoing,https://opengameart.org/content/lpc-hair "
hair/spiked/adult/slash.png, ,kcilds/Rocetti/Eredah ,CC-BY 4.0 ,"https://opengameart.org/content/eredah-rpg-character-base-48x64-ongoing,https://opengameart.org/content/lpc-hair "
hair/spiked/adult/thrust.png, ,kcilds/Rocetti/Eredah ,CC-BY 4.0 ,"https://opengameart.org/content/eredah-rpg-character-base-48x64-ongoing,https://opengameart.org/content/lpc-hair "
hair/spiked/adult/walk.png, ,kcilds/Rocetti/Eredah ,CC-BY 4.0 ,"https://opengameart.org/content/eredah-rpg-character-base-48x64-ongoing,https://opengameart.org/content/lpc-hair "
hat/cloth/leather_cap/adult/idle.png,"original by Johannes Sjölund (wulax), female by Matthew Krohn, mapped to all frames w/recolors by JaidynReiman ","Johannes Sjölund (wulax),Matthew Krohn (Makrohn),JaidynReiman ","OGA-BY 3.0,CC-BY-SA 3.0,GPL 3.0 ","https://opengameart.org/content/lpc-medieval-fantasy-character-sprites,https://opengameart.org/content/lpc-expanded-hats-facial-helmets "
hat/cloth/leather_cap/adult/sit.png,"original by Johannes Sjölund (wulax), female by Matthew Krohn, mapped to all frames w/recolors by JaidynReiman ","Johannes Sjölund (wulax),Matthew Krohn (Makrohn),JaidynReiman ","OGA-BY 3.0,CC-BY-SA 3.0,GPL 3.0 ","https://opengameart.org/content/lpc-medieval-fantasy-character-sprites,https://opengameart.org/content/lpc-expanded-hats-facial-helmets "
hat/cloth/leather_cap/adult/slash.png,"original by Johannes Sjölund (wulax), female by Matthew Krohn, mapped to all frames w/recolors by JaidynReiman ","Johannes Sjölund (wulax),Matthew Krohn (Makrohn),JaidynReiman ","OGA-BY 3.0,CC-BY-SA 3.0,GPL 3.0 ","https://opengameart.org/content/lpc-medieval-fantasy-character-sprites,https://opengameart.org/content/lpc-expanded-hats-facial-helmets "
hat/cloth/leather_cap/adult/thrust.png,"original by Johannes Sjölund (wulax), female by Matthew Krohn, mapped to all frames w/recolors by JaidynReiman ","Johannes Sjölund (wulax),Matthew Krohn (Makrohn),JaidynReiman ","OGA-BY 3.0,CC-BY-SA 3.0,GPL 3.0 ","https://opengameart.org/content/lpc-medieval-fantasy-character-sprites,https://opengameart.org/content/lpc-expanded-hats-facial-helmets "
hat/cloth/leather_cap/adult/walk.png,"original by Johannes Sjölund (wulax), female by Matthew Krohn, mapped to all frames w/recolors by JaidynReiman ","Johannes Sjölund (wulax),Matthew Krohn (Makrohn),JaidynReiman ","OGA-BY 3.0,CC-BY-SA 3.0,GPL 3.0 ","https://opengameart.org/content/lpc-medieval-fantasy-character-sprites,https://opengameart.org/content/lpc-expanded-hats-facial-helmets "
hat/cloth/leather_cap/feather/adult/walk.png,"original by Johannes Sjölund (wulax), female by Matthew Krohn, mapped to all frames w/recolors by JaidynReiman ","Johannes Sjölund (wulax),Matthew Krohn (Makrohn),JaidynReiman ","OGA-BY 3.0,CC-BY-SA 3.0,GPL 3.0 ","https://opengameart.org/content/lpc-medieval-fantasy-character-sprites,https://opengameart.org/content/lpc-expanded-hats-facial-helmets "
hat/formal/crown/adult/idle.png, ,"DarkwallLKE,Charles Sanchez (CharlesGabriel) ","CC-BY-SA 3.0,GPL 3.0 ","https://opengameart.org/content/liberated-pixel-cup-lpc-base-assets-sprites-map-tiles,https://opengameart.org/content/lpc-crown,https://opengameart.org/content/lpc-expanded-hats-facial-helmets "
hat/formal/crown/adult/sit.png, ,"DarkwallLKE,Charles Sanchez (CharlesGabriel) ","CC-BY-SA 3.0,GPL 3.0 ","https://opengameart.org/content/liberated-pixel-cup-lpc-base-assets-sprites-map-tiles,https://opengameart.org/content/lpc-crown,https://opengameart.org/content/lpc-expanded-hats-facial-helmets "
hat/formal/crown/adult/slash.png, ,"DarkwallLKE,Charles Sanchez (CharlesGabriel) ","CC-BY-SA 3.0,GPL 3.0 ","https://opengameart.org/content/liberated-pixel-cup-lpc-base-assets-sprites-map-tiles,https://opengameart.org/content/lpc-crown,https://opengameart.org/content/lpc-expanded-hats-facial-helmets "
hat/formal/crown/adult/thrust.png, ,"DarkwallLKE,Charles Sanchez (CharlesGabriel) ","CC-BY-SA 3.0,GPL 3.0 ","https://opengameart.org/content/liberated-pixel-cup-lpc-base-assets-sprites-map-tiles,https://opengameart.org/content/lpc-crown,https://opengameart.org/content/lpc-expanded-hats-facial-helmets "
hat/formal/crown/adult/walk.png, ,"DarkwallLKE,Charles Sanchez (CharlesGabriel) ","CC-BY-SA 3.0,GPL 3.0 ","https://opengameart.org/content/liberated-pixel-cup-lpc-base-assets-sprites-map-tiles,https://opengameart.org/content/lpc-crown,https://opengameart.org/content/lpc-expanded-hats-facial-helmets "
hat/formal/tiara/adult/idle.png, ,Luke Mehl ,"CC-BY-SA 3.0,GPL 3.0 ","https://opengameart.org/content/female-mage-clothing-set,https://opengameart.org/content/lpc-expanded-hats-facial-helmets "
hat/formal/tiara/adult/sit.png, ,Luke Mehl ,"CC-BY-SA 3.0,GPL 3.0 ","https://opengameart.org/content/female-mage-clothing-set,https://opengameart.org/content/lpc-expanded-hats-facial-helmets "
hat/formal/tiara/adult/slash.png, ,Luke Mehl ,"CC-BY-SA 3.0,GPL 3.0 ","https://opengameart.org/content/female-mage-clothing-set,https://opengameart.org/content/lpc-expanded-hats-facial-helmets "
hat/formal/tiara/adult/thrust.png, ,Luke Mehl ,"CC-BY-SA 3.0,GPL 3.0 ","https://opengameart.org/content/female-mage-clothing-set,https://opengameart.org/content/lpc-expanded-hats-facial-helmets "
hat/formal/tiara/adult/walk.png, ,Luke Mehl ,"CC-BY-SA 3.0,GPL 3.0 ","https://opengameart.org/content/female-mage-clothing-set,https://opengameart.org/content/lpc-expanded-hats-facial-helmets "
hat/formal/tophat/adult/idle.png, ,bluecarrot16 ,"CC-BY-SA 3.0,GPL 3.0 ","https://opengameart.org/content/lpc-gentleman,https://opengameart.org/content/lpc-expanded-hats-facial-helmets "
hat/formal/tophat/adult/sit.png, ,bluecarrot16 ,"CC-BY-SA 3.0,GPL 3.0 ","https://opengameart.org/content/lpc-gentleman,https://opengameart.org/content/lpc-expanded-hats-facial-helmets "
hat/formal/tophat/adult/slash.png, ,bluecarrot16 ,"CC-BY-SA 3.0,GPL 3.0 ","https://opengameart.org/content/lpc-gentleman,https://opengameart.org/content/lpc-expanded-hats-facial-helmets "
hat/formal/tophat/adult/thrust.png, ,bluecarrot16 ,"CC-BY-SA 3.0,GPL 3.0 ","https://opengameart.org/content/lpc-gentleman,https://opengameart.org/content/lpc-expanded-hats-facial-helmets "
hat/formal/tophat/adult/walk.png, ,bluecarrot16 ,"CC-BY-SA 3.0,GPL 3.0 ","https://opengameart.org/content/lpc-gentleman,https://opengameart.org/content/lpc-expanded-hats-facial-helmets "
head/heads/human/child/idle.png, ,"Stephen Challener (Redshrike),kheftel,bluecarrot16 ","OGA-BY 3.0,CC-BY 3.0,GPL 3.0 ","https://opengameart.org/content/,https://opengameart.org/content/lpc-child-standing-template,https://opengameart.org/content/lpc-character-bases "
head/heads/human/child/sit.png, ,"Stephen Challener (Redshrike),kheftel,bluecarrot16 ","OGA-BY 3.0,CC-BY 3.0,GPL 3.0 ","https://opengameart.org/content/,https://opengameart.org/content/lpc-child-standing-template,https://opengameart.org/content/lpc-character-bases "
head/heads/human/child/slash.png, ,"Stephen Challener (Redshrike),kheftel,bluecarrot16 ","OGA-BY 3.0,CC-BY 3.0,GPL 3.0 ","https://opengameart.org/content/,https://opengameart.org/content/lpc-child-standing-template,https://opengameart.org/content/lpc-character-bases "
head/heads/human/child/walk.png, ,"Stephen Challener (Redshrike),kheftel,bluecarrot16 ","OGA-BY 3.0,CC-BY 3.0,GPL 3.0 ","https://opengameart.org/content/,https://opengameart.org/content/lpc-child-standing-template,https://opengameart.org/content/lpc-character-bases "
head/heads/human/female/idle.png,"original head by Redshrike, tweaks by BenCreating, modular version by bluecarrot16 ","bluecarrot16,Benjamin K. Smith (BenCreating),Stephen Challener (Redshrike) ","OGA-BY 3.0,CC-BY-SA 3.0,GPL 3.0 ","https://opengameart.org/content/,https://opengameart.org/content/lpc-character-bases "
head/heads/human/female/sit.png,"original head by Redshrike, tweaks by BenCreating, modular version by bluecarrot16 ","bluecarrot16,Benjamin K. Smith (BenCreating),Stephen Challener (Redshrike) ","OGA-BY 3.0,CC-BY-SA 3.0,GPL 3.0 ","https://opengameart.org/content/,https://opengameart.org/content/lpc-character-bases "
head/heads/human/female/slash.png,"original head by Redshrike, tweaks by BenCreating, modular version by bluecarrot16 ","bluecarrot16,Benjamin K. Smith (BenCreating),Stephen Challener (Redshrike) ","OGA-BY 3.0,CC-BY-SA 3.0,GPL 3.0 ","https://opengameart.org/content/,https://opengameart.org/content/lpc-character-bases "
head/heads/human/female/thrust.png,"original head by Redshrike, tweaks by BenCreating, modular version by bluecarrot16 ","bluecarrot16,Benjamin K. Smith (BenCreating),Stephen Challener (Redshrike) ","OGA-BY 3.0,CC-BY-SA 3.0,GPL 3.0 ","https://opengameart.org/content/,https://opengameart.org/content/lpc-character-bases "
head/heads/human/female/walk.png,"original head by Redshrike, tweaks by BenCreating, modular version by bluecarrot16 ","bluecarrot16,Benjamin K. Smith (BenCreating),Stephen Challener (Redshrike) ","OGA-BY 3.0,CC-BY-SA 3.0,GPL 3.0 ","https://opengameart.org/content/,https://opengameart.org/content/lpc-character-bases "
head/heads/human/female_small/idle.png,"original head by Redshrike, reduced size head by ElizaWy ","ElizaWy,Stephen Challener (Redshrike) ","OGA-BY 3.0,CC-BY ", 
head/heads/human/female_small/sit.png,"original head by Redshrike, reduced size head by ElizaWy ","ElizaWy,Stephen Challener (Redshrike) ","OGA-BY 3.0,CC-BY ", 
head/heads/human/female_small/slash.png,"original head by Redshrike, reduced size head by ElizaWy ","ElizaWy,Stephen Challener (Redshrike) ","OGA-BY 3.0,CC-BY ", 
head/heads/human/female_small/thrust.png,"original head by Redshrike, reduced size head by ElizaWy ","ElizaWy,Stephen Challener (Redshrike) ","OGA-BY 3.0,CC-BY ", 
head/heads/human/female_small/walk.png,"original head by Redshrike, reduced size head by ElizaWy ","ElizaWy,Stephen Challener (Redshrike) ","OGA-BY 3.0,CC-BY ", 
head/heads/human/male/idle.png,"original head by Redshrike, tweaks by BenCreating, modular version by bluecarrot16 ","bluecarrot16,Benjamin K. Smith (BenCreating),Stephen Challener (Redshrike) ","OGA-BY 3.0,CC-BY-SA 3.0,GPL 3.0 ","https://opengameart.org/content/liberated-pixel-cup-lpc-base-assets-sprites-map-tiles,https://opengameart.org/content/lpc-character-bases "
head/heads/human/male/sit.png,"original head by Redshrike, tweaks by BenCreating, modular version by bluecarrot16 ","bluecarrot16,Benjamin K. Smith (BenCreating),Stephen Challener (Redshrike) ","OGA-BY 3.0,CC-BY-SA 3.0,GPL 3.0 ","https://opengameart.org/content/liberated-pixel-cup-lpc-base-assets-sprites-map-tiles,https://opengameart.org/content/lpc-character-bases "
head/heads/human/male/slash.png,"original head by Redshrike, tweaks by BenCreating, modular version by bluecarrot16 ","bluecarrot16,Benjamin K. Smith (BenCreating),Stephen Challener (Redshrike) ","OGA-BY 3.0,CC-BY-SA 3.0,GPL 3.0 ","https://opengameart.org/content/liberated-pixel-cup-lpc-base-assets-sprites-map-tiles,https://opengameart.org/content/lpc-character-bases "
head/heads/human/male/thrust.png,"original head by Redshrike, tweaks by BenCreating, modular version by bluecarrot16 ","bluecarrot16,Benjamin K. Smith (BenCreating),Stephen Challener (Redshrike) ","OGA-BY 3.0,CC-BY-SA 3.0,GPL 3.0 ","https://opengameart.org/content/liberated-pixel-cup-lpc-base-assets-sprites-map-tiles,https://opengameart.org/content/lpc-character-bases "
head/heads/human/male/walk.png,"original head by Redshrike, tweaks by BenCreating, modular version by bluecarrot16 ","bluecarrot16,Benjamin K. Smith (BenCreating),Stephen Challener (Redshrike) ","OGA-BY 3.0,CC-BY-SA 3.0,GPL 3.0 ","https://opengameart.org/content/liberated-pixel-cup-lpc-base-assets-sprites-map-tiles,https://opengameart.org/content/lpc-character-bases "
head/heads/human/male_gaunt/idle.png,"original head by Redshrike, gaunt version by bluecarrot16 ","Stephen Challener (Redshrike),bluecarrot16 ","OGA-BY 3.0,CC-BY-SA 3.0,GPL 3.0 ","https://opengameart.org/content/liberated-pixel-cup-lpc-base-assets-sprites-map-tiles,https://opengameart.org/content/lpc-folk "
head/heads/human/male_gaunt/sit.png,"original head by Redshrike, gaunt version by bluecarrot16 ","Stephen Challener (Redshrike),bluecarrot16 ","OGA-BY 3.0,CC-BY-SA 3.0,GPL 3.0 ","https://opengameart.org/content/liberated-pixel-cup-lpc-base-assets-sprites-map-tiles,https://opengameart.org/content/lpc-folk "
head/heads/human/male_gaunt/slash.png,"original head by Redshrike, gaunt version by bluecarrot16 ","Stephen Challener (Redshrike),bluecarrot16 ","OGA-BY 3.0,CC-BY-SA 3.0,GPL 3.0 ","https://opengameart.org/content/liberated-pixel-cup-lpc-base-assets-sprites-map-tiles,https://opengameart.org/content/lpc-folk "
head/heads/human/male_gaunt/thrust.png,"original head by Redshrike, gaunt version by bluecarrot16 ","Stephen Challener (Redshrike),bluecarrot16 ","OGA-BY 3.0,CC-BY-SA 3.0,GPL 3.0 ","https://opengameart.org/content/liberated-pixel-cup-lpc-base-assets-sprites-map-tiles,https://opengameart.org/content/lpc-folk "
head/heads/human/male_gaunt/walk.png,"original head by Redshrike, gaunt version by bluecarrot16 ","Stephen Challener (Redshrike),bluecarrot16 ","OGA-BY 3.0,CC-BY-SA 3.0,GPL 3.0 ","https://opengameart.org/content/liberated-pixel-cup-lpc-base-assets-sprites-map-tiles,https://opengameart.org/content/lpc-folk "
head/heads/human/male_plump/idle.png,"original head by Redshrike, plump version by ?? ","Stephen Challener (Redshrike),?? ","CC-BY-SA 3.0,GPL 3.0 ","https://opengameart.org/content/liberated-pixel-cup-lpc-base-assets-sprites-map-tiles,https://opengameart.org/content/lpc-folk "
head/heads/human/male_plump/sit.png,"original head by Redshrike, plump version by ?? ","Stephen Challener (Redshrike),?? ","CC-BY-SA 3.0,GPL 3.0 ","https://opengameart.org/content/liberated-pixel-cup-lpc-base-assets-sprites-map-tiles,https://opengameart.org/content/lpc-folk "
head/heads/human/male_plump/slash.png,"original head by Redshrike, plump version by ?? ","Stephen Challener (Redshrike),?? ","CC-BY-SA 3.0,GPL 3.0 ","https://opengameart.org/content/liberated-pixel-cup-lpc-base-assets-sprites-map-tiles,https://opengameart.org/content/lpc-folk "
head/heads/human/male_plump/thrust.png,"original head by Redshrike, plump version by ?? ","Stephen Challener (Redshrike),?? ","CC-BY-SA 3.0,GPL 3.0 ","https://opengameart.org/content/liberated-pixel-cup-lpc-base-assets-sprites-map-tiles,https://opengameart.org/content/lpc-folk "
head/heads/human/male_plump/walk.png,"original head by Redshrike, plump version by ?? ","Stephen Challener (Redshrike),?? ","CC-BY-SA 3.0,GPL 3.0 ","https://opengameart.org/content/liberated-pixel-cup-lpc-base-assets-sprites-map-tiles,https://opengameart.org/content/lpc-folk "
head/heads/human/male_small/idle.png,"original head by Redshrike, reduced size head by ElizaWy ","ElizaWy,Stephen Challener (Redshrike) ","OGA-BY 3.0,CC-BY ", 
head/heads/human/male_small/sit.png,"original head by Redshrike, reduced size head by ElizaWy ","ElizaWy,Stephen Challener (Redshrike) ","OGA-BY 3.0,CC-BY ", 
head/heads/human/male_small/slash.png,"original head by Redshrike, reduced size head by ElizaWy ","ElizaWy,Stephen Challener (Redshrike) ","OGA-BY 3.0,CC-BY ", 
head/heads/human/male_small/thrust.png,"original head by Redshrike, reduced size head by ElizaWy ","ElizaWy,Stephen Challener (Redshrike) ","OGA-BY 3.0,CC-BY ", 
head/heads/human/male_small/walk.png,"original head by Redshrike, reduced size head by ElizaWy ","ElizaWy,Stephen Challener (Redshrike) ","OGA-BY 3.0,CC-BY ", 
tools/axe/bg.png,"original by bluecarrot16, color reduced by JaidynReiman ","bluecarrot16,JaidynReiman,Pierre Vigier (pvigier),Tuomo Untinen (reemax) ","OGA-BY-3.0,CC-BY 4.0,CC-BY-SA 3.0+,GPL 2.0+ ",https://opengameart.org/content/lpc-hand-tools 
tools/axe/fg.png,"original by bluecarrot16, color reduced by JaidynReiman ","bluecarrot16,JaidynReiman,Pierre Vigier (pvigier),Tuomo Untinen (reemax) ","OGA-BY-3.0,CC-BY 4.0,CC-BY-SA 3.0+,GPL 2.0+ ",https://opengameart.org/content/lpc-hand-tools 
tools/axe/male/walk.png,"original by bluecarrot16, color reduced by JaidynReiman ","bluecarrot16,JaidynReiman,Pierre Vigier (pvigier),Tuomo Untinen (reemax) ","OGA-BY-3.0,CC-BY 4.0,CC-BY-SA 3.0+,GPL 2.0+ ",https://opengameart.org/content/lpc-hand-tools 
tools/hammer/bg.png,"original by bluecarrot16, color reduced by JaidynReiman ","bluecarrot16,JaidynReiman,Pierre Vigier (pvigier),Tuomo Untinen (reemax) ","OGA-BY-3.0,CC-BY 4.0,CC-BY-SA 3.0+,GPL 2.0+ ",https://opengameart.org/content/lpc-hand-tools 
tools/hammer/fg.png,"original by bluecarrot16, color reduced by JaidynReiman ","bluecarrot16,JaidynReiman,Pierre Vigier (pvigier),Tuomo Untinen (reemax) ","OGA-BY-3.0,CC-BY 4.0,CC-BY-SA 3.0+,GPL 2.0+ ",https://opengameart.org/content/lpc-hand-tools 
tools/hammer/male/walk.png,"original by bluecarrot16, color reduced by JaidynReiman ","bluecarrot16,JaidynReiman,Pierre Vigier (pvigier),Tuomo Untinen (reemax) ","OGA-BY-3.0,CC-BY 4.0,CC-BY-SA 3.0+,GPL 2.0+ ",https://opengameart.org/content/lpc-hand-tools 
tools/pickaxe/bg.png,"original by bluecarrot16, color reduced by JaidynReiman ","bluecarrot16,JaidynReiman,Pierre Vigier (pvigier),Tuomo Untinen (reemax) ","OGA-BY-3.0,CC-BY 4.0,CC-BY-SA 3.0+,GPL 2.0+ ",https://opengameart.org/content/lpc-hand-tools 
tools/pickaxe/fg.png,"original by bluecarrot16, color reduced by JaidynReiman ","bluecarrot16,JaidynReiman,Pierre Vigier (pvigier),Tuomo Untinen (reemax) ","OGA-BY-3.0,CC-BY 4.0,CC-BY-SA 3.0+,GPL 2.0+ ",https://opengameart.org/content/lpc-hand-tools 
tools/pickaxe/male/walk.png,"original by bluecarrot16, color reduced by JaidynReiman ","bluecarrot16,JaidynReiman,Pierre Vigier (pvigier),Tuomo Untinen (reemax) ","OGA-BY-3.0,CC-BY 4.0,CC-BY-SA 3.0+,GPL 2.0+ ",https://opengameart.org/content/lpc-hand-tools 
tools/watering_can/bg/walk.png, ,bluecarrot16 ,"OGA-BY 3.0+,CC-BY 4.0+,GPL 2.0+ ",https://opengameart.org/content/lpc-hand-tools 
tools/watering_can/fg/walk.png, ,bluecarrot16 ,"OGA-BY 3.0+,CC-BY 4.0+,GPL 2.0+ ",https://opengameart.org/content/lpc-hand-tools 
torso/aprons/overalls/female/idle.png,"original overalls by ElizaWy, extended to all animation frames, adapted from teen to male base, and edited for v3 bases by bluecarrot16; extended to combat animations by JaidynReiman ","ElizaWy,bluecarrot16,JaidynReiman ","OGA-BY 3.0,GPL 3.0 ","https://opengameart.org/content/lpc-revised-character-basics,http://opengameart.org/content/lpc-clothing-updates "
torso/aprons/overalls/female/sit.png,"original overalls by ElizaWy, extended to all animation frames, adapted from teen to male base, and edited for v3 bases by bluecarrot16; extended to combat animations by JaidynReiman ","ElizaWy,bluecarrot16,JaidynReiman ","OGA-BY 3.0,GPL 3.0 ","https://opengameart.org/content/lpc-revised-character-basics,http://opengameart.org/content/lpc-clothing-updates "
torso/aprons/overalls/female/slash.png,"original overalls by ElizaWy, extended to all animation frames, adapted from teen to male base, and edited for v3 bases by bluecarrot16; extended to combat animations by JaidynReiman ","ElizaWy,bluecarrot16,JaidynReiman ","OGA-BY 3.0,GPL 3.0 ","https://opengameart.org/content/lpc-revised-character-basics,http://opengameart.org/content/lpc-clothing-updates "
torso/aprons/overalls/female/thrust.png,"original overalls by ElizaWy, extended to all animation frames, adapted from teen to male base, and edited for v3 bases by bluecarrot16; extended to combat animations by JaidynReiman ","ElizaWy,bluecarrot16,JaidynReiman ","OGA-BY 3.0,GPL 3.0 ","https://opengameart.org/content/lpc-revised-character-basics,http://opengameart.org/content/lpc-clothing-updates "
torso/aprons/overalls/female/walk.png,"original overalls by ElizaWy, extended to all animation frames, adapted from teen to male base, and edited for v3 bases by bluecarrot16; extended to combat animations by JaidynReiman ","ElizaWy,bluecarrot16,JaidynReiman ","OGA-BY 3.0,GPL 3.0 ","https://opengameart.org/content/lpc-revised-character-basics,http://opengameart.org/content/lpc-clothing-updates "
torso/aprons/overalls/male/idle.png,"original overalls by ElizaWy, extended to all animation frames, adapted from teen to male base, and edited for v3 bases by bluecarrot16; extended to combat animations by JaidynReiman ","ElizaWy,bluecarrot16,JaidynReiman ","OGA-BY 3.0,GPL 3.0 ","https://opengameart.org/content/lpc-revised-character-basics,http://opengameart.org/content/lpc-clothing-updates "
torso/aprons/overalls/male/sit.png,"original overalls by ElizaWy, extended to all animation frames, adapted from teen to male base, and edited for v3 bases by bluecarrot16; extended to combat animations by JaidynReiman ","ElizaWy,bluecarrot16,JaidynReiman ","OGA-BY 3.0,GPL 3.0 ","https://opengameart.org/content/lpc-revised-character-basics,http://opengameart.org/content/lpc-clothing-updates "
torso/aprons/overalls/male/slash.png,"original overalls by ElizaWy, extended to all animation frames, adapted from teen to male base, and edited for v3 bases by bluecarrot16; extended to combat animations by JaidynReiman ","ElizaWy,bluecarrot16,JaidynReiman ","OGA-BY 3.0,GPL 3.0 ","https://opengameart.org/content/lpc-revised-character-basics,http://opengameart.org/content/lpc-clothing-updates "
torso/aprons/overalls/male/thrust.png,"original overalls by ElizaWy, extended to all animation frames, adapted from teen to male base, and edited for v3 bases by bluecarrot16; extended to combat animations by JaidynReiman ","ElizaWy,bluecarrot16,JaidynReiman ","OGA-BY 3.0,GPL 3.0 ","https://opengameart.org/content/lpc-revised-character-basics,http://opengameart.org/content/lpc-clothing-updates "
torso/aprons/overalls/male/walk.png,"original overalls by ElizaWy, extended to all animation frames, adapted from teen to male base, and edited for v3 bases by bluecarrot16; extended to combat animations by JaidynReiman ","ElizaWy,bluecarrot16,JaidynReiman ","OGA-BY 3.0,GPL 3.0 ","https://opengameart.org/content/lpc-revised-character-basics,http://opengameart.org/content/lpc-clothing-updates "
torso/aprons/overalls/teen/idle.png,"original overalls by ElizaWy, extended to all animation frames, adapted from teen to male base, and edited for v3 bases by bluecarrot16; extended to combat animations by JaidynReiman ","ElizaWy,bluecarrot16,JaidynReiman ","OGA-BY 3.0,GPL 3.0 ","https://opengameart.org/content/lpc-revised-character-basics,http://opengameart.org/content/lpc-clothing-updates "
torso/aprons/overalls/teen/sit.png,"original overalls by ElizaWy, extended to all animation frames, adapted from teen to male base, and edited for v3 bases by bluecarrot16; extended to combat animations by JaidynReiman ","ElizaWy,bluecarrot16,JaidynReiman ","OGA-BY 3.0,GPL 3.0 ","https://opengameart.org/content/lpc-revised-character-basics,http://opengameart.org/content/lpc-clothing-updates "
torso/aprons/overalls/teen/slash.png,"original overalls by ElizaWy, extended to all animation frames, adapted from teen to male base, and edited for v3 bases by bluecarrot16; extended to combat animations by JaidynReiman ","ElizaWy,bluecarrot16,JaidynReiman ","OGA-BY 3.0,GPL 3.0 ","https://opengameart.org/content/lpc-revised-character-basics,http://opengameart.org/content/lpc-clothing-updates "
torso/aprons/overalls/teen/thrust.png,"original overalls by ElizaWy, extended to all animation frames, adapted from teen to male base, and edited for v3 bases by bluecarrot16; extended to combat animations by JaidynReiman ","ElizaWy,bluecarrot16,JaidynReiman ","OGA-BY 3.0,GPL 3.0 ","https://opengameart.org/content/lpc-revised-character-basics,http://opengameart.org/content/lpc-clothing-updates "
torso/aprons/overalls/teen/walk.png,"original overalls by ElizaWy, extended to all animation frames, adapted from teen to male base, and edited for v3 bases by bluecarrot16; extended to combat animations by JaidynReiman ","ElizaWy,bluecarrot16,JaidynReiman ","OGA-BY 3.0,GPL 3.0 ","https://opengameart.org/content/lpc-revised-character-basics,http://opengameart.org/content/lpc-clothing-updates "
torso/clothes/robe/female/slash.png, ,Luke Mehl ,"CC-BY-SA 3.0,GPL 3.0 ",https://opengameart.org/content/female-mage-clothing-set 
torso/clothes/robe/female/walk.png, ,Luke Mehl ,"CC-BY-SA 3.0,GPL 3.0 ",https://opengameart.org/content/female-mage-clothing-set 
torso/clothes/tunic/female/slash.png,"**pirate shirt** by MadMarcel, edited to all poses by makrohn, edited from tube-top/tanktop to sleeveless then to tunic by JaidynReiman, edits for v3 bases and further cleanup by bluecarrot16 ","bluecarrot16,JaidynReiman,Matthew Krohn (makrohn),Marcel van de Steeg (MadMarcel),Stephen Challener (Redshrike),Johannes Sjölund (wulax) ","OGA-BY 3.0,CC-BY-SA 3.0,GPL 3.0 ","https://opengameart.org/content/lpc-female-orcogregoblintroll-base-walkcycle,https://opengameart.org/content/lpc-curly-hair-elven-ears-white-cape-with-blue-trim-and-more,http://opengameart.org/content/lpc-clothing-updates "
torso/clothes/tunic/female/thrust.png,"**pirate shirt** by MadMarcel, edited to all poses by makrohn, edited from tube-top/tanktop to sleeveless then to tunic by JaidynReiman, edits for v3 bases and further cleanup by bluecarrot16 ","bluecarrot16,JaidynReiman,Matthew Krohn (makrohn),Marcel van de Steeg (MadMarcel),Stephen Challener (Redshrike),Johannes Sjölund (wulax) ","OGA-BY 3.0,CC-BY-SA 3.0,GPL 3.0 ","https://opengameart.org/content/lpc-female-orcogregoblintroll-base-walkcycle,https://opengameart.org/content/lpc-curly-hair-elven-ears-white-cape-with-blue-trim-and-more,http://opengameart.org/content/lpc-clothing-updates "
torso/clothes/tunic/female/walk.png,"**pirate shirt** by MadMarcel, edited to all poses by makrohn, edited from tube-top/tanktop to sleeveless then to tunic by JaidynReiman, edits for v3 bases and further cleanup by bluecarrot16 ","bluecarrot16,JaidynReiman,Matthew Krohn (makrohn),Marcel van de Steeg (MadMarcel),Stephen Challener (Redshrike),Johannes Sjölund (wulax) ","OGA-BY 3.0,CC-BY-SA 3.0,GPL 3.0 ","https://opengameart.org/content/lpc-female-orcogregoblintroll-base-walkcycle,https://opengameart.org/content/lpc-curly-hair-elven-ears-white-cape-with-blue-trim-and-more,http://opengameart.org/content/lpc-clothing-updates "
torso/clothes/vest/male/slash.png, ,"bluecarrot16,Thane Brimhall (pennomi),laetissima,Stephen Challener (Redshrike),Johannes Sjölund (wulax) ","CC-BY-SA 3.0,GPL 3.0 ","https://opengameart.org/content/lpc-2-characters,https://opengameart.org/content/lpc-gentleman,https://opengameart.org/content/lpc-pirates "
torso/clothes/vest/male/thrust.png, ,"bluecarrot16,Thane Brimhall (pennomi),laetissima,Stephen Challener (Redshrike),Johannes Sjölund (wulax) ","CC-BY-SA 3.0,GPL 3.0 ","https://opengameart.org/content/lpc-2-characters,https://opengameart.org/content/lpc-gentleman,https://opengameart.org/content/lpc-pirates "
torso/clothes/vest/male/walk.png, ,"bluecarrot16,Thane Brimhall (pennomi),laetissima,Stephen Challener (Redshrike),Johannes Sjölund (wulax) ","CC-BY-SA 3.0,GPL 3.0 ","https://opengameart.org/content/lpc-2-characters,https://opengameart.org/content/lpc-gentleman,https://opengameart.org/content/lpc-pirates "
weapon/magic/crystal/thrust/background/thrust_oversize.png, ,bluecarrot16 ,"OGA-BY 3.0+,GPL 3.0,CC-BY 4.0 ",https://opengameart.org/content/lpc-more-weapons 
weapon/magic/crystal/thrust/foreground/thrust_oversize.png, ,bluecarrot16 ,"OGA-BY 3.0+,GPL 3.0,CC-BY 4.0 ",https://opengameart.org/content/lpc-more-weapons 
weapon/sword/arming/attack_slash/bg/slash_128.png, ,ElizaWy; walk and down by JaidynReiman ,OGA-BY 3.0 ,"https://github.com/ElizaWy/LPC/tree/main/Characters/Props/Sword%2001%20-%20Arming%20Sword,https://opengameart.org/content/lpc-expanded-sit-run-jump-more "
weapon/sword/arming/attack_slash/fg/slash_128.png, ,ElizaWy; walk and down by JaidynReiman ,OGA-BY 3.0 ,"https://github.com/ElizaWy/LPC/tree/main/Characters/Props/Sword%2001%20-%20Arming%20Sword,https://opengameart.org/content/lpc-expanded-sit-run-jump-more "
